no	eng	trans	rus	category1	category2
1	adult	[ˈædʌlt]	взрослый	Человек 	
2	age	[eɪdʒ]	возраст	Человек 	
3	baby	[ˈbeɪbɪ]	малыш	Человек 	
4	birth	[bɜːθ]	рождение	Человек 	
5	boy	[bɔɪ]	мальчик	Человек 	
6	child	[tʃaɪld]	ребенок	Человек 	
7	childhood	[ˈtʃaɪldhʊd]	детство	Человек 	
8	girl	[ɡɜːl]	девочка	Человек 	
9	human	[ˈhjuːmən]	человек	Человек 	
10	kid	[kɪd]	ребенок	Человек 	
11	life	[laɪf]	жизнь	Человек 	
12	maiden name	[ˈmeɪdn neɪm]	девичья фамилия	Человек 	
13	man	[mæn]	мужчина	Человек 	
14	name	[neɪm]	имя	Человек 	
15	people	[ˈpiːpl]	люди	Человек 	
16	person	[ˈpɜːsn]	человек	Человек 	
17	personality	[ˌpɜːsəˈnæləti]	личность	Человек 	
18	surname	[ˈsɜːneɪm]	фамилия	Человек 	
19	teenager	[ˈtiːneɪdʒə(r)]	подросток	Человек 	
20	woman	[ˈwʊmən]	женщина	Человек 	
21	youth	[juːθ]	молодежь, молодость 	Человек 	
22	he	[hiː]	он	Местоимения 	
23	her	[hɜː(r)]	ее	Местоимения 	
24	him	[hɪm]	его (объектн.)	Местоимения 	
25	his	[hɪz]	его (притяжат.)	Местоимения 	
26	I	[aɪ]	я	Местоимения 	
27	it	[ɪt]	оно	Местоимения 	
28	my	[maɪ]	мой	Местоимения 	
29	our	[ˈaʊə(r)]	наш	Местоимения 	
30	she	[ʃiː]	она	Местоимения 	
31	their	[ðeə(r)]	их (притяжат.)	Местоимения 	
32	them	[ðem]	их (объектн.)	Местоимения 	
33	they	[ðeɪ]	они	Местоимения 	
34	we	[wiː]	мы 	Местоимения 	
35	arm	[ɑːm]	рука	Части тела	
36	back	[bæk]	спина	Части тела	
37	belly	[ˈbelɪ]	живот	Части тела	
38	blood	[blʌd]	кровь	Части тела	
39	body	[ˈbɒdɪ]	тело	Части тела
40	bone	[bəʊn]	кость	Части тела	
41	brain	[breɪn]	мозг	Части тела	
42	cheek	[tʃiːk]	щека	Части тела	
43	chest	[tʃest]	грудь	Части тела	
44	chin	[tʃɪn]	подбородок	Части тела	
45	ear	[ɪə(r)]	ухо	Части тела	
46	elbow	[ˈelbəʊ]	локоть	Части тела	
47	eye	[aɪ]	глаз	Части тела	
48	eyebrow	[ˈaɪbraʊ]	бровь	Части тела	
49	eyelash	[ˈaɪlæʃ]	ресница	Части тела	
50	face	[feɪs]	лицо	Части тела	
51	finger	[ˈfɪŋɡə(r)]	палец	Части тела	
52	fist	[fɪst]	кулак	Части тела	
53	foot	[fʊt]	ступня	Части тела	
54	forehead	[ˈfɔːhed]	лоб	Части тела	
55	hair	[heə(r)]	волосы	Части тела	
56	hand	[hænd]	кисть руки	Части тела	
57	heart	[hɑːt]	сердце	Части тела	
58	heel	[hiːl]	пятка	Части тела	
59	hip	[hɪp]	бедро	Части тела	
60	jaw	[dʒɔː]	челюсть	Части тела	
61	kidney	[ˈkɪdni]	почка	Части тела	
62	knee	[niː]	колено	Части тела	
63	leg	[leɡ]	нога	Части тела	
64	lips	[lɪps]	губы	Части тела	
65	little finger	[ˌlɪtl ˈfɪŋɡə(r)]	мизинец	Части тела	
66	liver	[ˈlɪvə(r)]	печень	Части тела	
67	lung	[lʌŋ]	легкое	Части тела	
68	mouth	[maʊθ]	рот	Части тела	
69	muscle	[ˈmʌsl]	мышца	Части тела	
70	nail	[neɪl]	ноготь	Части тела	
71	neck	[nek]	шея	Части тела	
72	nerve	[nɜːv]	нерв	Части тела	
73	nose	[nəʊz]	нос	Части тела	
74	palm	[pɑːm]	ладонь	Части тела	
75	rib	[rɪb]	ребро	Части тела	
76	ring finger	[ˈrɪŋ ˈfɪŋɡə(r)]	безымянный палец	Части тела	
77	skeleton	[ˈskelɪtn]	скелет	Части тела	
78	skin	[skɪn]	кожа	Части тела	
79	skull	[skʌl]	череп	Части тела	
80	stomach	[ˈstʌmək]	желудок	Части тела	
81	throat	[θrəʊt]	горло	Части тела	
82	thumb	[θʌm]	большой палец	Части тела	
83	toe	[təʊ]	палец на ноге	Части тела	
84	tongue	[tʌŋ]	язык	Части тела	
85	tooth	[tuːθ]	зуб	Части тела	
86	wrist	[rɪst]	запястье	Части тела	
87	to be	[biː]	быть	глаголы	
88	to breathe	[briːð]	дышать	глаголы	
89	to hear	[hɪə(r)]	слышать	глаголы	
90	to hold	[həʊld]	держать	глаголы	
91	to lie	[laɪ]	лежать	глаголы	
92	to look	[lʊk]	смотреть	глаголы	
93	to see	[siː]	видеть	глаголы	
94	to sit	[sɪt]	сидеть	глаголы	
95	to speak	[spiːk]	говорить	глаголы	
96	to touch	[tʌtʃ]	трогать	глаголы	
97	to walk	[wɔːk]	ходить 	глаголы	
98	attractive	[əˈtræktɪv]	привлекательный	Внешность	
99	bald	[bɔːld]	лысый	Внешность	
100	beard	[bɪəd]	борода	Внешность	
101	beautiful	[ˈbjuːtɪfl]	красивый	Внешность	
102	beauty	[ˈbjuːti]	красота	Внешность	
103	blond	[blɒnd]	белокурый	Внешность	
104	bushy	[ˈbʊʃi]	густой (про брови или бороду)	Внешность	
105	common	[ˈkɒmən]	обычный	Внешность	
106	curly	[ˈkɜːli]	кудрявый	Внешность	
107	cute	[kjuːt]	милый	Внешность	
108	dark	[dɑːk]	темный	Внешность	
109	fair	[feə(r)]	белокурый	Внешность	
110	fat	[fæt]	толстый	Внешность	
111	figure	[ˈfɪɡə(r)]	фигура	Внешность	
112	flush	[flʌʃ]	румянец	Внешность	
113	freckles	[ˈfreklz]	веснушки	Внешность	
114	ginger	[ˈdʒɪndʒə(r)]	рыжий	Внешность	
115	haircut	[ˈheəkʌt]	прическа, стрижка	Внешность	
116	height	[haɪt]	рост	Внешность	
117	hooked	[hʊkt]	крючковатый (про нос)	Внешность	
118	moustache	[məˈstɑːʃ]	усы	Внешность	
119	oval	[ˈəʊvəl]	овальный	Внешность	
120	pale	[peɪl]	бледный	Внешность	
121	plump	[plʌmp]	пухлый	Внешность	
122	round	[raʊnd]	круглый	Внешность	
123	short	[ʃɔːt]	короткий	Внешность	
124	slim	[slɪm]	тонкий, стройный	Внешность	
125	square	[skweə(r)]	квадратный	Внешность	
126	straight	[streɪt]	прямой	Внешность	
127	tall	[tɔːl]	высокий	Внешность	
128	thin	[θɪn]	худой	Внешность	
129	ugly	[ˈʌɡli]	уродливый	Внешность	
130	wavy	[ˈweɪvi]	волнистый	Внешность	
131	weight	[weɪt]	вес	Внешность	
132	active	[ˈæktɪv]	активный	Характер и эмоции	
133	angry	[ˈæŋɡri]	злой	Характер и эмоции	
134	blue	[bluː]	грустный	Характер и эмоции	
135	boring	[ˈbɔːrɪŋ]	скучный	Характер и эмоции	
136	brave	[breɪv]	храбрый	Характер и эмоции	
137	calm	[kɑːm]	спокойный	Характер и эмоции	
138	careful	[ˈkeəfl]	осторожный	Характер и эмоции	
139	character	[ˈkærəktə(r)]	характер	Характер и эмоции	
140	cheerful	[ˈtʃɪəfl]	радостный	Характер и эмоции	
141	clever	[ˈklevə(r)]	умный	Характер и эмоции	
142	confused	[kənˈfjuːzd]	сбитый с толку	Характер и эмоции	
143	creative	[kriˈeɪtɪv]	креативный, творческий	Характер и эмоции	
144	cruel	[ˈkruːəl]	жестокий	Характер и эмоции	
145	curious	[ˈkjʊəriəs]	любопытный	Характер и эмоции	
146	easy-going	[ˌiːzi ˈɡəʊɪŋ]	легкий на подъем	Характер и эмоции	
147	emotional	[ɪˈməʊʃənl]	эмоциональный	Характер и эмоции	
148	excited	[ɪkˈsaɪtɪd]	взволнованный	Характер и эмоции	
149	fair	[feə(r)]	честный	Характер и эмоции	
150	friendly	[ˈfrendli]	дружелюбный	Характер и эмоции	
151	generous	[ˈdʒenərəs]	щедрый	Характер и эмоции	
152	genius	[ˈdʒiːnɪəs]	гениальный	Характер и эмоции	
153	gentle	[ˈdʒentl]	мягкий	Характер и эмоции	
154	glad	[ɡlæd]	довольный	Характер и эмоции	
155	greedy	[ˈɡriːdi]	жадный	Характер и эмоции	
156	happy	[ˈhæpi]	счастливый	Характер и эмоции	
157	hard-working	[ˌhɑːd ˈwɜːkɪŋ]	трудолюбивый	Характер и эмоции	
158	honest	[ˈɒnɪst]	честный	Характер и эмоции	
159	intelligent	[ɪnˈtelɪdʒənt]	умный	Характер и эмоции	
160	jealous	[ˈdʒeləs]	ревнивый, завистливый	Характер и эмоции	
161	kind	[kaɪnd]	добрый	Характер и эмоции	
162	lazy	[ˈleɪzi]	ленивый	Характер и эмоции	
163	loyal	[ˈlɔɪəl]	верный	Характер и эмоции	
164	lucky	[ˈlʌki]	удачливый	Характер и эмоции	
165	moody	[ˈmuːdi]	хмурый	Характер и эмоции	
166	nervous	[ˈnɜːvəs]	нервный	Характер и эмоции	
167	open	[ˈəʊpən]	открытый	Характер и эмоции	
168	optimistic	[ˌɒptɪˈmɪstɪk]	оптимистичный	Характер и эмоции	
169	patient	[ˈpeɪʃənt]	терпеливый	Характер и эмоции	
170	proud	[praʊd]	гордый	Характер и эмоции	
171	quiet	[ˈkwaɪət]	тихий	Характер и эмоции	
172	reliable	[rɪˈlaɪəbl]	надежный	Характер и эмоции	
173	romantic	[rəʊˈmæntɪk]	романтичный	Характер и эмоции	
174	rude	[ruːd]	грубый	Характер и эмоции	
175	sad	[sæd]	грустный	Характер и эмоции	
176	shy	[ʃaɪ]	стеснительный	Характер и эмоции	
177	sensitive	[ˈsensətɪv]	чувствительный	Характер и эмоции	
178	serious	[ˈsɪərɪəs]	серьезный	Характер и эмоции	
179	stupid	[ˈstjuːpɪd]	глупый	Характер и эмоции	
180	talented	[ˈtæləntɪd]	талантливый	Характер и эмоции	
181	tough	[tʌf]	жесткий	Характер и эмоции	
182	upset	[ˌʌpˈset]	расстроенный	Характер и эмоции	
183	wise	[waɪz]	мудрый	Характер и эмоции	
184	witty	[ˈwɪti]	остроумный	Характер и эмоции	
185	to act	[ækt]	вести себя	Характер и эмоции	глаголы
186	to behave	[bɪˈheɪv]	вести себя	Характер и эмоции	глаголы
187	to tell	[tel]	рассказывать	Характер и эмоции	глаголы
188	to try	[traɪ]	стараться	Характер и эмоции	глаголы
189	adoption	[əˈdɒpʃn]	усыновление	Семья и окружение 	
190	aunt	[ɑːnt]	тетя	Семья и окружение 	
191	boyfriend	[ˈbɔɪfrend]	парень (друг)	Семья и окружение 	
192	bride	[braɪd]	невеста	Семья и окружение 	
193	brother	[ˈbrʌðə(r)]	брат	Семья и окружение 	
194	brother-in-law	[ˈbrʌðər ɪn lɔː]	шурин, деверь	Семья и окружение 	
195	cousin	[ˈkʌzn]	двоюродный брат или сестра	Семья и окружение 	
196	daughter	[ˈdɔːtə(r)]	дочь	Семья и окружение 	
197	daughter-in-law	[ˈdɔːtər ɪn lɔː]	сноха, невестка	Семья и окружение 	
198	divorce	[dɪˈvɔːs]	развод	Семья и окружение 	
199	engagement	[ɪnˈɡeɪdʒmənt]	помолвка	Семья и окружение 	
200	ex-husband	[ˌeks ˈhʌzbənd]	бывший муж	Семья и окружение 	
201	ex-wife	[ˌeks ˈwaɪf]	бывшая жена	Семья и окружение 	
202	family	[ˈfæməli]	семья	Семья и окружение 	
203	father	[ˈfɑːðə(r)]	отец	Семья и окружение 	
204	foster family	[ˈfɒstə ˈfæməli]	приемная семья	Семья и окружение 	
205	friend	[frend]	друг	Семья и окружение 	
206	girlfriend	[ˈɡɜːlfrend]	девушка (подруга)	Семья и окружение 	
207	godfather	[ˈɡɒdfɑːðə(r)]	крестный отец	Семья и окружение 	
208	godmother	[ˈɡɒdmʌðə(r)	крестная мать	Семья и окружение 	
209	grandchildren	[ˈɡræntʃɪldrən]	внуки	Семья и окружение 	
210	granddaughter	[ˈɡrændɔːtə(r)]	внучка	Семья и окружение 	
211	grandfather	[ˈɡrænfɑːðə(r)]	дедушка	Семья и окружение 	
212	grandmother	[ˈɡrænmʌðə(r)]	бабушка	Семья и окружение 	
213	grandparents	[ˈɡrænpeərənts]	бабушка и дедушка	Семья и окружение 	
214	grandson	[ˈɡrænsʌn]	внук	Семья и окружение 	
215	half-brother	ˈhɑːf brʌðə(r)]	брат со стороны отца или матери	Семья и окружение 	
216	half-sister	[ˈhɑːf sɪstə(r)]	сестра со стороны отца или матери	Семья и окружение 	
217	husband	[ˈhʌzbənd]	муж	Семья и окружение 	
218	lover	[ˈlʌvə(r)]	любовник(-ца)	Семья и окружение 	
219	marriage	[ˈmærɪdʒ]	брак	Семья и окружение 	
220	mother	[ˈmʌðə(r)]	мать	Семья и окружение 	
221	mother-in-law	[ˈmʌðər ɪn lɔː]	теща, свекровь	Семья и окружение 	
222	nephew	[ˈnefjuː]	племянник	Семья и окружение 	
223	niece	[niːs]	племянница	Семья и окружение 	
224	parents	[ˈpeərənts]	родители	Семья и окружение 	
225	relative	[ˈrelətɪv]	родственник	Семья и окружение 	
226	sister	[ˈsɪstə(r)]	сестра	Семья и окружение 	
227	son	[sʌn]	сын	Семья и окружение 	
228	stepbrother	[ˈstepbrʌðə(r)]	сводный брат	Семья и окружение 	
229	stepfather	[ˈstepfɑːðə(r)]	отчим	Семья и окружение 	
230	stepmother	[ˈstepmʌðə(r)]	мачеха	Семья и окружение 	
231	stepsister	[ˈstepsɪstə(r)]	сводная сестра	Семья и окружение 	
232	twins	[twɪnz]	близнецы	Семья и окружение 	
233	uncle	[ˈʌŋkl]	дядя	Семья и окружение 	
234	wedding	[ˈwedɪŋ]	свадьба	Семья и окружение 	
235	widow	[ˈwɪdəʊ]	вдова	Семья и окружение 	
236	widower	[ˈwɪdəʊə(r)]	вдовец	Семья и окружение 	
237	wife	[waɪf]	жена	Семья и окружение 	
238	to care	[keə(r)]	заботиться	Семья и окружение 	глаголы
239	to love	[lʌv]	любить	Семья и окружение 	глаголы
240	to miss	[mɪs]	скучать	Семья и окружение 	глаголы
241	to support	[səˈpɔːt]	поддерживать		
242	belt	[belt]	ремень	Одежда и обувь	
243	blouse	[ˈblaʊz]	блузка	Одежда и обувь	
244	boots	[buːts]	ботинки	Одежда и обувь	
245	bracelet	[ˈbreɪslət]	браслет	Одежда и обувь	
246	cap	[kæp]	кепка	Одежда и обувь	
247	chain	[tʃeɪn]	цепочка	Одежда и обувь	
248	cloak	[kləʊk]	плащ	Одежда и обувь	
249	clothes	[kləʊðz]	одежда	Одежда и обувь	
250	coat	[ˈkəʊt]	пальто	Одежда и обувь	
251	dress	[dres]	платье	Одежда и обувь	
252	earrings	[ˈɪərɪŋz]	серьги	Одежда и обувь	
253	formal clothes	[ˈfɔːml kləʊðz]	официальная одежда	Одежда и обувь	
254	hat	[hæt]	шляпа	Одежда и обувь	
255	high boots	[ˌhaɪ ˈbuːts]	сапоги	Одежда и обувь	
256	high heels	[ˌhaɪ ˈhiːlz]	высокие каблуки	Одежда и обувь	
257	hoodie	[ˈhʊdi]	худи, толстовка	Одежда и обувь	
258	jacket	[ˈdʒækɪt]	пиджак	Одежда и обувь	
259	jeans	[dʒiːnz]	джинсы	Одежда и обувь	
260	necklace	[ˈnekləs]	ожерелье	Одежда и обувь	
261	pocket	[ˈpɒkɪt]	карман	Одежда и обувь	
262	pyjamas	[pəˈdʒɑːməz]	пижама	Одежда и обувь	
263	raincoat	[ˈreɪnkəʊt]	плащ-дождевик	Одежда и обувь	
264	ring	[rɪŋ]	кольцо	Одежда и обувь	
265	shirt	[ʃɜːt]	рубашка	Одежда и обувь	
266	shoes	[ʃuːz]	туфли	Одежда и обувь	
267	shorts	[ʃɔːts]	шорты	Одежда и обувь	
268	skirt	[skɜːt]	юбка	Одежда и обувь	
269	slippers	[ˈslɪpəz]	тапочки	Одежда и обувь	
270	socks	[sɒks]	носки	Одежда и обувь	
271	sportswear	[ˈspɔːtsweə(r)]	спортивный костюм	Одежда и обувь	
272	suit	[suːt]	костюм	Одежда и обувь	
273	sweater	[ˈswetə(r)]	свитер	Одежда и обувь	
274	swimwear	[ˈswɪmweə(r)]	купальный костюм	Одежда и обувь	
275	trainers	[ˈtreɪnəz]	кроссовки	Одежда и обувь	
276	T-shirt	[ˈtiː ʃɜːt]	футболка	Одежда и обувь	
277	umbrella	[ʌmˈbrelə]	зонт	Одежда и обувь	
278	underwear	[ˈʌndəweə(r)]	нижнее белье	Одежда и обувь	
279	uniform	[ˈjuːnɪfɔːm]	униформа	Одежда и обувь	
280	zip	[zɪp]	застежка-молния	Одежда и обувь	
281	to dress up	[ˈdres ˌʌp]	наряжаться	Одежда и обувь	глаголы
282	to try on	[ˈtraɪ ɒn]	примерить	Одежда и обувь	глаголы
283	to wear	[weə(r)]	носить	Одежда и обувь	глаголы
284	to zip up	[ˈzɪp ˌʌp]	застегнуть	Одежда и обувь	глаголы
285	apple	[ˈæpl]	яблоко	Еда и напитки	
286	bacon	[ˈbeɪkən]	бекон	Еда и напитки	
287	banana	[bəˈnɑːnə]	банан	Еда и напитки	
288	beef	[biːf]	говядина	Еда и напитки	
289	berries	[ˈberɪz]	ягоды	Еда и напитки	
290	biscuits	[ˈbɪskɪts]	печенье	Еда и напитки	
291	breakfast	[ˈbrekfəst]	завтрак	Еда и напитки	
292	butter	[ˈbʌtə(r)]	масло	Еда и напитки	
293	carrot	[ˈkærət]	морковь	Еда и напитки	
294	cereal	[ˈsɪəriəl]	хлопья	Еда и напитки	
295	chicken	[ˈtʃɪkɪn]	курица	Еда и напитки	
296	coffee	[ˈkɒfi]	кофе	Еда и напитки	
297	corn	[kɔːn]	кукуруза	Еда и напитки	
298	cucumber	[ˈkjuːkʌmbə(r)]	огурец	Еда и напитки	
299	dinner	[ˈdɪnə(r)]	ужин	Еда и напитки	
300	drinks	[drɪŋks]	напитки	Еда и напитки	
301	duck	[dʌk]	утка	Еда и напитки	
302	aubergine	[ˈəʊbəʒiːn]	баклажан	Еда и напитки	
303	fish	[fɪʃ]	рыба	Еда и напитки	
304	fruits	[fruːts]	фрукты	Еда и напитки	
305	garlic	[ˈɡɑːlɪk]	чеснок	Еда и напитки	
306	grapes	[ɡreɪps]	виноград	Еда и напитки	
307	ham	[hæm]	ветчина	Еда и напитки	
308	jam	[dʒæm]	варенье	Еда и напитки	
309	juice	[dʒuːs]	сок	Еда и напитки	
310	lemon	[ˈlemən]	лимон	Еда и напитки	
311	lettuce	[ˈletɪs]	салат-латук	Еда и напитки	
312	lunch	[lʌntʃ]	обед	Еда и напитки	
313	milk	[mɪlk]	молоко	Еда и напитки	
314	mineral water	[ˈmɪnərəl wɔːtə(r)]	минеральная вода	Еда и напитки	
315	mushroom	[ˈmʌʃruːm]	гриб	Еда и напитки	
316	nuts	[nʌts]	орехи	Еда и напитки	
317	onion	[ˈʌnjən]	лук	Еда и напитки	
318	pancake	[ˈpænkeɪk]	блинчик	Еда и напитки	
319	peach	[piːtʃ]	персик	Еда и напитки	
320	pepper	[ˈpepə(r)]	перец	Еда и напитки	
321	pineapple	[ˈpaɪnæpl]	ананас	Еда и напитки	
322	plum	[plʌm]	слива	Еда и напитки	
323	pork	[pɔːk]	свинина	Еда и напитки	
324	potato	[pəˈteɪtəʊ]	картофель	Еда и напитки	
325	salmon	[ˈsæmən]	лосось	Еда и напитки	
326	sandwich	[ˈsænwɪdʒ]	сэндвич	Еда и напитки	
327	sausage	[ˈsɒsɪdʒ]	колбаса	Еда и напитки	
328	shrimp	[ʃrɪmp]	креветка	Еда и напитки	
329	snack	[snæk]	перекус	Еда и напитки	
330	soda	[ˈsəʊdə]	газировка	Еда и напитки	
331	strawberry	[ˈstrɔːbəri]	клубника	Еда и напитки	
332	taste	[teɪst]	вкус	Еда и напитки	
333	tea	[tiː]	чай	Еда и напитки	
334	toast	[təʊst]	тост	Еда и напитки	
335	tomato	[təˈmɑːtəʊ]	помидор	Еда и напитки	
336	turkey	[ˈtɜːki]	индейка	Еда и напитки	
337	vegetables	[ˈvedʒtəblz]	овощи	Еда и напитки	
338	water	[ˈwɔːtə(r)]	вода	Еда и напитки	
339	watermelon	[ˈwɔːtəmelən]	арбуз	Еда и напитки	
340	yoghurt	[ˈjɒɡət]	йогурт	Еда и напитки	
341	to bake	[beɪk]	печь	Еда и напитки	глаголы
342	to boil	[bɔɪl]	кипеть, варить	Еда и напитки	глаголы
343	to cook	[kʊk]	готовить	Еда и напитки	глаголы
344	to cool	[kuːl]	охлаждать	Еда и напитки	глаголы
345	to cut	[kʌt]	резать	Еда и напитки	глаголы
346	to drink	[drɪŋk]	пить	Еда и напитки	глаголы
347	to eat	[iːt]	есть	Еда и напитки	глаголы
348	to fry	[fraɪ]	жарить	Еда и напитки	глаголы
349	to heat	[hiːt]	подогревать	Еда и напитки	глаголы
350	to stew	[stjuː]	тушить	Еда и напитки	глаголы
351	to taste	[teɪst]	пробовать	Еда и напитки	глаголы
352	actor	[ˈæktə(r)]	актер	работа и профессии	
353	artist	[ˈɑːtɪst]	художник	работа и профессии	
354	break	[breɪk]	перерыв	работа и профессии	
355	career	[kəˈrɪə(r)]	карьера	работа и профессии	
356	company	[ˈkʌmpəni]	компания	работа и профессии	
357	cook	[kʊk]	повар	работа и профессии	
358	designer	[dɪˈzaɪnə(r)]	дизайнер	работа и профессии	
359	director	[dɪˈrektə(r)]	директор	работа и профессии	
360	doctor	[ˈdɒktə(r)]	врач	работа и профессии	
361	engineer	[ˌendʒɪˈnɪə(r)]	инженер	работа и профессии	
362	fireman	[ˈfaɪəmən]	пожарный	работа и профессии	
363	housewife	[ˈhaʊswaɪf]	домохозяйка	работа и профессии	
364	interview	[ˈɪntəvjuː]	собеседование	работа и профессии	
365	job	[dʒɒb]	работа	работа и профессии	
366	journalist	[ˈdʒɜːnəlɪst]	журналист	работа и профессии	
367	lawyer	[ˈlɔɪə(r)]	юрист	работа и профессии	
368	meeting	[ˈmiːtɪŋ]	встреча	работа и профессии	
369	money	[ˈmʌni]	деньги	работа и профессии	
370	musician	[mjuˈzɪʃn]	музыкант	работа и профессии	
371	office	[ˈɒfɪs]	офис	работа и профессии	
372	photographer	[fəˈtɒɡrəfə(r)]	фотограф	работа и профессии	
373	policeman	[pəˈliːsmən]	полицейский	работа и профессии	
374	professional	[prəˈfeʃənl]	профессионал	работа и профессии	
375	programmer	[ˈprəʊɡræmə(r)]	программист	работа и профессии	
376	pupil	[ˈpjuːpɪl]	ученик	работа и профессии	
377	salary	[ˈsæləri]	зарплата	работа и профессии	
378	scientist	[ˈsaɪəntɪst]	ученый	работа и профессии	
379	singer	[ˈsɪŋə(r)]	певец	работа и профессии	
380	sportsman	[ˈspɔːtsmən]	спортсмен	работа и профессии	
381	skill	[skɪl]	навык	работа и профессии	
382	student	[ˈstjuːdnt]	студент	работа и профессии	
383	task	[tɑːsk]	задача	работа и профессии	
384	teacher	[ˈtiːtʃə(r)]	учитель	работа и профессии	
385	to earn	[ɜːn]	зарабатывать	работа и профессии	глаголы
386	to learn	[lɜːn]	учить что-либо	работа и профессии	глаголы
387	to manage	[ˈmænɪdʒ]	управлять	работа и профессии	глаголы
388	to order	[ˈɔːdə(r)]	заказывать	работа и профессии	глаголы
389	to organise	[ˈɔːɡənaɪz]	организовывать	работа и профессии	глаголы
390	to study	[ˈstʌdi]	учить(-ся)	работа и профессии	глаголы
391	to teach	[tiːtʃ]	учить, преподавать	работа и профессии	глаголы
392	to work	[wɜːk]	работать	работа и профессии	глаголы
393	apartment	[əˈpɑːtmənt]	квартира	Дом	
394	basement	[ˈbeɪsmənt]	подвал	Дом	
395	ceiling	[ˈsiːlɪŋ]	потолок	Дом	
396	floor	[flɔː(r)]	пол (этаж)	Дом	
397	home	[həʊm]	дом (место)	Дом	
398	house	[haʊs]	дом (здание)	Дом	
399	neighbour	[ˈneɪbə(r)]	сосед	Дом	
400	roof	[ruːf]	крыша	Дом	
401	stairs	[steəz]	лестница	Дом	
402	wall	[wɔːl]	стена	Дом	
403	yard	[jɑːd]	двор	Дом	
404	armchair	[ˈɑːmtʃeə(r)]	кресло	Гостиная	
405	bookcase	[ˈbʊkkeɪs]	книжный шкаф	Гостиная	
406	carpet	[ˈkɑːpɪt]	ковер	Гостиная	
407	coffee table	[ˈkɒfi teɪbl]	кофейный столик	Гостиная	
408	computer	[kəmˈpjuːtə(r)]	компьютер	Гостиная	
409	curtains	[ˈkɜːtnz]	шторы	Гостиная	
410	desk	[desk]	рабочий стол	Гостиная	
411	lamp	[læmp]	лампа	Гостиная	
412	laptop	[ˈlæptɒp]	ноутбук	Гостиная	
413	living room	[ˈlɪvɪŋ ruːm]	гостиная	Гостиная	
414	painting	[ˈpeɪntɪŋ]	картина	Гостиная	
415	picture frame	[ˈpɪktʃə freɪm]	рамка для фотографий	Гостиная	
416	sofa	[ˈsəʊfə]	диван	Гостиная	
417	TV	[ˌtiː ˈviː]	телевизор	Гостиная	
418	bath	[bɑːθ]	ванна	Ванная комната	
419	bathrobe	[bɑːθrəʊb]	банный халат	Ванная комната	
420	bathroom	[ˈbɑːθruːm]	Ванная комната комната	Ванная комната	
421	bubbles	[ˈbʌblz]	пузырьки	Ванная комната	
422	mirror	[ˈmɪrə(r)]	зеркало	Ванная комната	
423	razor	[ˈreɪzə(r)]	бритва	Ванная комната	
424	shampoo	[ʃæmˈpuː]	шампунь	Ванная комната	
425	shower	[ˈʃaʊə(r)]	душ	Ванная комната	
426	soap	[səʊp]	мыло	Ванная комната	
427	sponge	[spʌndʒ]	губка	Ванная комната	
428	toilet	[ˈtɔɪlət]	унитаз	Ванная комната	
429	toothbrush	[ˈtuːθbrʌʃ]	зубная щетка	Ванная комната	
430	toothpaste	[ˈtuːθpeɪst]	зубная паста	Ванная комната	
431	towel	[ˈtaʊəl]	полотенце	Ванная комната	
432	alarm clock	[əˈlɑːm klɒk]	будильник	Спальня	
433	bed	[bed]	кровать	Спальня	
434	bedroom	[ˈbedruːm]	спальня	Спальня	
435	blanket	[ˈblæŋkɪt]	одеяло	Спальня	
436	closet	[ˈklɒzɪt]	платяной шкаф	Спальня	
437	hairbrush	[ˈheəbrʌʃ]	расческа	Спальня	
438	hanger	[ˈhæŋə(r)]	вешалка	Спальня	
439	light switch	[laɪt swɪtʃ]	выключатель света	Спальня	
440	phone	[fəʊn]	телефон	Спальня	
441	pillow	[ˈpɪləʊ]	подушка	Спальня	
442	sheet	[ʃiːt]	простыня	Спальня	
443	bowl	[bəʊl]	миска	Кухня	
444	chair	[tʃeə(r)]	стул	Кухня	
445	cooker	[ˈkʊkə(r)]	плита	Кухня	
446	cup	[kʌp]	чашка	Кухня	
447	fork	[fɔːk]	вилка	Кухня	
448	freezer	[ˈfriːzə(r)]	морозильная камера	Кухня	
449	fridge	[frɪdʒ]	холодильник	Кухня	
450	glass	[ɡlɑːs]	бокал	Кухня	
451	kettle	[ˈketl]	чайник	Кухня	
452	kitchen	[ˈkɪtʃɪn]	кухня	Кухня	
453	knife	[naɪf]	нож	Кухня	
454	mug	[mʌɡ]	кружка	Кухня	
455	plate	[pleɪt]	тарелка	Кухня	
456	spoon	[spuːn]	ложка	Кухня	
457	table	[ˈteɪbl]	стол	Кухня	
458	to brush teeth	[brʌʃ tiːθ]	чистить зубы		глаголы
459	to clean	[kliːn]	чистить		глаголы
460	to dry	[draɪ]	сушить		глаголы
461	to live	[lɪv]	жить		глаголы
462	to sleep	[sliːp]	спать		глаголы
463	to take a bath	[teɪk ə bɑːθ]	принимать ванну		глаголы
464	to wash	[wɒʃ]	мыть		глаголы
465	basketball	[ˈbɑːskɪtbɔːl]	баскетбол	Спорт и хобби	
466	billiards	[ˈbɪliədz]	бильярд	Спорт и хобби	
467	book	[bʊk]	книга	Спорт и хобби	
468	bowling	[ˈbəʊlɪŋ]	боулинг	Спорт и хобби	
469	dance	[dɑːns]	танец	Спорт и хобби	
470	cards	[kɑːdz]	карты	Спорт и хобби	
471	chess	[tʃes]	шахматы	Спорт и хобби	
472	cinema	[ˈsɪnəmə]	кино	Спорт и хобби	
473	circus	[ˈsɜːkəs]	цирк	Спорт и хобби	
474	collecting	[kəˈlektɪŋ]	коллекционирование	Спорт и хобби	
475	comics	[ˈkɒmɪks]	комиксы	Спорт и хобби	
476	computer games	[kəmˈpjuːtə ɡeɪmz]	компьютерные игры	Спорт и хобби	
477	crosswords	[ˈkrɒswɜːdz]	кроссворды	Спорт и хобби	
478	diving	[ˈdaɪvɪŋ]	дайвинг	Спорт и хобби	
479	drawing	[ˈdrɔːɪŋ]	рисование	Спорт и хобби	
480	fishing	[ˈfɪʃɪŋ]	рыбалка	Спорт и хобби	
481	fitness	[ˈfɪtnəs]	фитнес	Спорт и хобби	
482	football	[ˈfʊtbɔːl]	футбол	Спорт и хобби	
483	hockey	[ˈhɒki]	хоккей	Спорт и хобби	
484	hunt	[hʌnt]	охота	Спорт и хобби	
485	knitting	[ˈnɪtɪŋ]	вязание	Спорт и хобби	
486	model	[ˈmɒdl]	модель	Спорт и хобби	
487	music	[ˈmjuːzɪk]	музыка	Спорт и хобби	
488	photo	[ˈfəʊtəʊ]	фотография	Спорт и хобби	
489	poetry	[ˈpəʊətri]	поэзия	Спорт и хобби	
490	reading	[ˈriːdɪŋ]	чтение	Спорт и хобби	
491	running	[ˈrʌnɪŋ]	бег	Спорт и хобби	
492	sculpture	[ˈskʌlptʃə(r)]	скульптура	Спорт и хобби	
493	shopping	[ˈʃɒpɪŋ]	шопинг	Спорт и хобби	
494	singing	[ˈsɪŋɪŋ]	пение	Спорт и хобби	
495	skiing	[ˈskiːɪŋ]	катание на лыжах	Спорт и хобби	
496	swimming	[ˈswɪmɪŋ]	плавание	Спорт и хобби	
497	tennis	[ˈtenɪs]	теннис	Спорт и хобби	
498	theatre	[ˈθɪətə(r)]	театр	Спорт и хобби	
499	volleyball	[ˈvɒlibɔːl]	волейбол	Спорт и хобби	
500	yoga	[ˈjəʊɡə]	йога	Спорт и хобби	
501	to dance	[dɑːns]	танцевать	Спорт и хобби	глаголы
502	to do cycling	[duː ˈsaɪklɪŋ]	кататься на велосипеде	Спорт и хобби	глаголы
503	to do gardening	[duː ˈɡɑːdnɪŋ]	заниматься садоводством	Спорт и хобби	глаголы
504	to draw	[drɔː]	рисовать	Спорт и хобби	глаголы
505	to go mushrooming	[ɡəʊ ˈmʌʃrʊmɪŋ]	собирать грибы	Спорт и хобби	глаголы
506	to play the guitar	[pleɪ ðə ɡɪˈtɑː(r)]	играть на гитаре	Спорт и хобби	глаголы
507	to play the piano	[pleɪ ðə piˈænəʊ]	играть на пианино	Спорт и хобби	глаголы
508	to read	[riːd]	читать	Спорт и хобби	глаголы
509	to run	[rʌn]	бегать	Спорт и хобби	глаголы
510	to sing	[sɪŋ]	петь	Спорт и хобби	глаголы
511	to swim	[swɪm]	плавать	Спорт и хобби	глаголы
512	agency	[ˈeɪdʒənsi]	агентство	Путешествия и отдых	
513	airlines	[ˈeəlaɪnz]	авиалинии	Путешествия и отдых	
514	airport	[ˈeəpɔːt]	аэропорт	Путешествия и отдых	
515	attractions	[əˈtrækʃnz]	достопримечательности	Путешествия и отдых	
516	backpack	[ˈbækpæk]	рюкзак	Путешествия и отдых	
517	bag	[bæɡ]	сумка	Путешествия и отдых	
518	baggage	[ˈbæɡɪdʒ]	багаж	Путешествия и отдых	
519	beach	[biːtʃ]	пляж	Путешествия и отдых	
520	bicycle	[ˈbaɪsɪkl]	велосипед	Путешествия и отдых	
521	bonfire	[ˈbɒnfaɪə(r)]	костер	Путешествия и отдых	
522	border	[ˈbɔːdə(r)]	граница	Путешествия и отдых	
523	bronzed	[brɒnzd]	загорелый	Путешествия и отдых	
524	bus	[bʌs]	автобус	Путешествия и отдых	
525	camp	[kæmp]	лагерь	Путешествия и отдых	
526	capital	[ˈkæpɪtl]	столица	Путешествия и отдых	
527	car	[kɑː(r)]	машина	Путешествия и отдых	
528	city	[ˈsɪti]	город	Путешествия и отдых	
529	country	[ˈkʌntri]	страна	Путешествия и отдых	
530	cruise	[kruːz]	круиз	Путешествия и отдых	
531	currency	[ˈkʌrənsi]	валюта	Путешествия и отдых	
532	direction	[dəˈrekʃn]	направление	Путешествия и отдых	
533	east	[iːst]	восток	Путешествия и отдых	
534	exotic	[ɪɡˈzɒtɪk]	экзотический	Путешествия и отдых	
535	foreign	[ˈfɒrən]	иностранный	Путешествия и отдых	
536	foreigner	[ˈfɒrənə(r)]	иностранец	Путешествия и отдых	
537	hike	[haɪk]	поход	Путешествия и отдых	
538	hotel	[həʊˈtel]	отель, гостиница	Путешествия и отдых	
539	journey	[ˈdʒɜːni]	путешествие	Путешествия и отдых	
540	local	[ˈləʊkl]	местный	Путешествия и отдых	
541	map	[mæp]	карта	Путешествия и отдых	
542	motorcycle	[ˈməʊtəsaɪkl]	мотоцикл	Путешествия и отдых	
543	mountain	[ˈmaʊntən]	гора	Путешествия и отдых	
544	north	[nɔːθ]	север	Путешествия и отдых	
545	passport	[ˈpɑːspɔːt]	паспорт	Путешествия и отдых	
546	plane	[pleɪn]	самолет	Путешествия и отдых	
547	postcard	[ˈpəʊstkɑːd]	открытка	Путешествия и отдых	
548	railway	[ˈreɪlweɪ]	железная дорога	Путешествия и отдых	
549	rest	[rest]	отдых	Путешествия и отдых	
550	room	[ruːm]	номер, комната	Путешествия и отдых	
551	route	[ruːt]	маршрут	Путешествия и отдых	
552	ship	[ʃɪp]	корабль	Путешествия и отдых	
553	south	[saʊθ]	юг	Путешествия и отдых	
554	souvenir	[ˌsuːvəˈnɪə(r)]	сувенир	Путешествия и отдых	
555	suitcase	[ˈsuːtkeɪs]	чемодан	Путешествия и отдых	
556	taxi	[ˈtæksi]	такси	Путешествия и отдых	
557	tent	[tent]	палатка	Путешествия и отдых	
558	ticket	[ˈtɪkɪt]	билет	Путешествия и отдых	
559	tourism	[ˈtʊərɪzəm]	туризм	Путешествия и отдых	
560	train	[treɪn]	поезд	Путешествия и отдых	
561	trip	[trɪp]	поездка	Путешествия и отдых	
562	vacation	[vəˈkeɪʃn]	отпуск, каникулы	Путешествия и отдых	
563	visa	[ˈviːzə]	виза	Путешествия и отдых	
564	west	[west]	запад	Путешествия и отдых	
565	to arrive	[əˈraɪv]	прибыть	Путешествия и отдых	глаголы
566	to book	[bʊk]	забронировать	Путешествия и отдых	глаголы
567	to buy	[baɪ]	купить	Путешествия и отдых	глаголы
568	to change to	[tʃeɪndʒ tu:]	пересаживаться на	Путешествия и отдых	глаголы
569	to get a suntan	[ɡet ə ˈsʌntæn]	загорать	Путешествия и отдых	глаголы
570	to go abroad	[ɡəʊ əˈbrɔːd]	отправляться за границу	Путешествия и отдых	глаголы
571	to land	[lænd]	приземляться	Путешествия и отдых	глаголы
572	to rest	[rest]	отдыхать	Путешествия и отдых	глаголы
573	black	[blæk]	черный	Цвета	
574	blue	[bluː]	синий	Цвета	
575	brown	[braʊn]	коричневый	Цвета	
576	colour	[ˈkʌlə(r)]	цвет	Цвета	
577	dark blue	[dɑːk bluː]	темно-синий	Цвета	
578	gold	[ɡəʊld]	золотистый	Цвета	
579	green	[ɡriːn]	зеленый	Цвета	
580	grey	[ɡreɪ]	серый	Цвета	
581	light blue	[laɪt bluː]	голубой	Цвета	
582	orange	[ˈɒrɪndʒ]	оранжевый	Цвета	
583	pink	[pɪŋk]	розовый	Цвета	
584	red	[red]	красный	Цвета	
585	shade	[ʃeɪd]	оттенок	Цвета	
586	silver	[ˈsɪlvə(r)]	серебристый	Цвета	
587	violet	[ˈvaɪələt]	фиолетовый	Цвета	
588	white	[waɪt]	белый	Цвета	
589	yellow	[ˈjeləʊ]	желтый	Цвета	
590	to paint	[peɪnt]	красить	Цвета	глаголы
591	bad	[bæd]	плохой	Свойства предметов	
592	big	[bɪɡ]	большой	Свойства предметов	
593	circle	[ˈsɜːkl]	круг	Свойства предметов	
594	cool	[kuːl]	прохладный	Свойства предметов	
595	far	[fɑː(r)]	далекий	Свойства предметов	
596	fast	[fɑːst]	быстрый	Свойства предметов	
597	fluffy	[ˈflʌfi]	пушистый	Свойства предметов	
598	good	[ɡʊd]	хороший	Свойства предметов	
599	hard	[hɑːd]	жесткий, твердый	Свойства предметов	
600	heavy	[ˈhevi]	тяжелый	Свойства предметов	
601	high	[haɪ]	высокий	Свойства предметов	
602	hot	[hɒt]	горячий	Свойства предметов	
603	large	[lɑːdʒ]	крупный	Свойства предметов	
604	length	[leŋkθ]	длина	Свойства предметов	
605	light	[laɪt]	легкий	Свойства предметов	
606	line	[laɪn]	линия	Свойства предметов	
607	long	[lɒŋ]	длинный	Свойства предметов	
608	loud	[laʊd]	громкий	Свойства предметов	
609	low	[ləʊ]	низкий	Свойства предметов	
610	new	[njuː]	новый	Свойства предметов	
611	old	[əʊld]	старый	Свойства предметов	
612	quick	[kwɪk]	быстрый	Свойства предметов	
613	round	[raʊnd]	круглый	Свойства предметов	
614	shape	[ʃeɪp]	форма	Свойства предметов	
615	sharp	[ʃɑːp]	острый	Свойства предметов	
616	short	[ʃɔːt]	короткий	Свойства предметов	
617	size	[saɪz]	размер	Свойства предметов	
618	slow	[sləʊ]	медленный	Свойства предметов	
619	small	[smɔːl]	маленький	Свойства предметов	
620	smooth	[smuːð]	гладкий	Свойства предметов	
621	soft	[sɒft]	мягкий	Свойства предметов	
622	speed	[spiːd]	скорость	Свойства предметов	
623	square	[skweə(r)]	квадрат, квадратный	Свойства предметов	
624	warm	[wɔːm]	теплый	Свойства предметов	
625	weight	[weɪt]	вес	Свойства предметов	
626	afternoon	[ˌɑːftəˈnuːn]	день, время после полудня	Время и числа	
627	century	[ˈsentʃəri]	век	Время и числа	
628	date	[deɪt]	дата	Время и числа	
629	day	[deɪ]	день	Время и числа	
630	decade	[ˈdekeɪd]	десятилетие	Время и числа	
631	evening	[ˈiːvnɪŋ]	вечер	Время и числа	
632	hour	[ˈaʊə(r)]	час	Время и числа	
633	midnight	[ˈmɪdnaɪt]	полночь	Время и числа	
634	minute	[ˈmɪnɪt]	минута	Время и числа	
635	month	[mʌnθ]	месяц	Время и числа	
636	morning	[ˈmɔːnɪŋ]	утро	Время и числа	
637	night	[naɪt]	ночь	Время и числа	
638	second	[ˈsekənd]	секунда	Время и числа	
639	time	[taɪm]	время	Время и числа	
640	week	[wiːk]	неделя	Время и числа	
641	weekdays	[ˈwiːkdeɪz]	будни	Время и числа	
642	weekend	[ˌwiːkˈend]	выходные	Время и числа	
643	year	[jɪə(r)]	год	Время и числа	
644	Monday	[ˈmʌndeɪ]	понедельник	Время и числа	Дни недели
645	Tuesday	[ˈtjuːzdeɪ]	вторник	Время и числа	Дни недели
646	Wednesday	[ˈwenzdeɪ]	среда	Время и числа	Дни недели
647	Thursday	[ˈθɜːzdeɪ]	четверг	Время и числа	Дни недели
648	Friday	[ˈfraɪdeɪ]	пятница	Время и числа	Дни недели
649	Saturday	[ˈsætədeɪ]	суббота	Время и числа	Дни недели
650	Sunday	[ˈsʌndeɪ]	воскресенье	Время и числа	Дни недели
651	winter	[ˈwɪntə(r)]	зима	Время и числа	Времена года
652	spring	[sprɪŋ]	весна	Время и числа	Времена года
653	summer	[ˈsʌmə(r)]	лето	Время и числа	Времена года
654	autumn	[ˈɔːtəm]	осень	Время и числа	Времена года
655	January	[ˈdʒænjuəri]	январь	Время и числа	Месяцы
656	February	[ˈfebruəri]	февраль	Время и числа	Месяцы
657	March	[mɑːtʃ]	март	Время и числа	Месяцы
658	April	[ˈeɪprəl]	апрель	Время и числа	Месяцы
659	May	[meɪ]	май	Время и числа	Месяцы
660	June	[dʒuːn]	июнь	Время и числа	Месяцы
661	July	[dʒuˈlaɪ]	июль	Время и числа	Месяцы
662	August	[ˈɔːɡəst]	август	Время и числа	Месяцы
663	September	[sepˈtembə(r)]	сентябрь	Время и числа	Месяцы
664	October	[ɒkˈtəʊbə(r)]	октябрь	Время и числа	Месяцы
665	November	[nəʊˈvembə(r)]	ноябрь	Время и числа	Месяцы
666	December	[dɪˈsembə(r)]	декабрь	Время и числа	Месяцы
667	one	[wʌn]	один	Количественные числительные	
668	two	[tuː]	два	Количественные числительные	
669	three	[θriː]	три	Количественные числительные	
670	four	[fɔː(r)]	четыре	Количественные числительные	
671	five	[faɪv]	пять	Количественные числительные	
672	six	[sɪks]	шесть	Количественные числительные	
673	seven	[sevn]	семь	Количественные числительные	
674	eight	[eɪt]	восемь	Количественные числительные	
675	nine	[naɪn]	девять	Количественные числительные	
676	ten	[ten]	десять	Количественные числительные	
677	eleven	[ɪˈlevn]	одиннадцать	Количественные числительные	
678	twelve	[twelv]	двенадцать	Количественные числительные	
679	thirteen	[ˌθɜːˈtiːn]	тринадцать	Количественные числительные	От 13 до 19
680	fourteen	[ˌfɔːˈtiːn]	четырнадцать	Количественные числительные	От 13 до 19
681	fifteen	[ˌfɪfˈtiːn]	пятнадцать	Количественные числительные	От 13 до 19
682	sixteen	[ˌsɪksˈtiːn]	шестнадцать	Количественные числительные	От 13 до 19
683	seventeen	[ˌsevnˈtiːn]	семнадцать	Количественные числительные	От 13 до 19
684	eighteen	[ˌeɪˈtiːn]	восемнадцать	Количественные числительные	От 13 до 19
685	nineteen	[ˌnaɪnˈtiːn]	девятнадцать	Количественные числительные	От 13 до 19
686	twenty	[ˈtwenti]	двадцать	Количественные числительные	От 20 до 29
687	twenty-one	[ˌtwenti ˈwʌn]	двадцать один	Количественные числительные	От 20 до 29
688	twenty-two	[ˌtwenti ˈtuː]	двадцать два	Количественные числительные	От 20 до 29
689	twenty-three	[ˌtwenti ˈθriː]	двадцать три	Количественные числительные	От 20 до 29
690	twenty-four	[ˌtwenti ˈfɔː(r)]	двадцать четыре	Количественные числительные	От 20 до 29
691	twenty-five	[ˌtwenti ˈfaɪv]	двадцать пять	Количественные числительные	От 20 до 29
692	twenty-six	[ˌtwenti ˈsɪks]	двадцать шесть	Количественные числительные	От 20 до 29
693	twenty-seven	[ˌtwenti ˈsevn]	двадцать семь	Количественные числительные	От 20 до 29
694	twenty-eight	[ˌtwenti ˈeɪt]	двадцать восемь	Количественные числительные	От 20 до 29
695	twenty-nine	[ˌtwenti ˈnaɪn]	двадцать девять	Количественные числительные	От 20 до 29
696	thirty	[ˈθɜːti]	тридцать	Количественные числительные	Десятки, сотни, тысячи, миллионы
697	forty	[ˈfɔːti]	сорок	Количественные числительные	Десятки, сотни, тысячи, миллионы
698	fifty	[ˈfɪfti]	пятьдесят	Количественные числительные	Десятки, сотни, тысячи, миллионы
699	sixty	[ˈsɪksti]	шестьдесят	Количественные числительные	Десятки, сотни, тысячи, миллионы
700	seventy	[ˈsevnti]	семьдесят	Количественные числительные	Десятки, сотни, тысячи, миллионы
701	eighty	[ˈeɪti]	восемьдесят	Количественные числительные	Десятки, сотни, тысячи, миллионы
702	ninety	[ˈnaɪnti]	девяносто	Количественные числительные	Десятки, сотни, тысячи, миллионы
703	hundred	[ˈhʌndrəd]	сто	Количественные числительные	Десятки, сотни, тысячи, миллионы
704	thousand	[ˈθaʊznd]	тысяча	Количественные числительные	Десятки, сотни, тысячи, миллионы
705	million	[ˈmɪljən]	миллион	Количественные числительные	Десятки, сотни, тысячи, миллионы
706	billion	[ˈbɪljən]	миллиард	Количественные числительные	Десятки, сотни, тысячи, миллионы
707	first	[fɜːst]	первый	Порядковые числительные	
708	second	[ˈsekənd]	второй	Порядковые числительные	
709	third	[θɜːd]	третий	Порядковые числительные	
710	fourth	[fɔːθ]	четвертый	Порядковые числительные	
711	fifth	[fɪfθ]	пятый	Порядковые числительные	
712	sixth	[sɪksθ]	шестой	Порядковые числительные	
713	seventh	[ˈsevnθ]	седьмой	Порядковые числительные	
714	eighth	[eɪtθ]	восьмой	Порядковые числительные	
715	ninth	[naɪnθ]	девятый	Порядковые числительные	
716	tenth	[tenθ]	десятый	Порядковые числительные	
717	eleventh	[ɪˈlevnθ]	одиннадцатый	Порядковые числительные	
718	twelfth	[twelfθ]	двенадцатый	Порядковые числительные	
719	thirteenth	[ˌθɜːˈtiːnθ]	тринадцатый	Порядковые числительные	От 13 до 19
720	fourteenth	[ˌfɔːˈtiːnθ]	четырнадцатый	Порядковые числительные	От 13 до 19
721	fifteenth	[ˌfɪfˈtiːnθ]	пятнадцатый	Порядковые числительные	От 13 до 19
722	sixteenth	[ˌsɪksˈtiːnθ]	шестнадцатый	Порядковые числительные	От 13 до 19
723	seventeenth	[ˌsevnˈtiːnθ]	семнадцатый	Порядковые числительные	От 13 до 19
724	eighteenth	[ˌeɪˈtiːnθ]	восемнадцатый	Порядковые числительные	От 13 до 19
725	nineteenth	[ˌnaɪnˈtiːnθ]	девятнадцатый	Порядковые числительные	От 13 до 19
726	twentieth	[ˈtwentɪəθ]	двадцатый	Порядковые числительные	От 20 до 29
727	twenty-first	[ˌtwenti ˈfɜːst]	двадцать первый	Порядковые числительные	От 20 до 29
728	twenty-second	[ˌtwenti ˈsekənd]	двадцать второй	Порядковые числительные	От 20 до 29
729	twenty-third	[ˌtwenti ˈθɜːd]	двадцать третий	Порядковые числительные	От 20 до 29
730	twenty-fourth	[ˌtwenti ˈfɔːθ]	двадцать четвертый	Порядковые числительные	От 20 до 29
731	twenty-fifth	[ˌtwenti ˈfɪfθ]	двадцать пятый	Порядковые числительные	От 20 до 29
732	twenty-sixth	[ˌtwenti ˈsɪksθ]	двадцать шестой	Порядковые числительные	От 20 до 29
733	twenty-seventh	[ˌtwenti ˈsevnθ]	двадцать седьмой	Порядковые числительные	От 20 до 29
734	twenty-eighth	[ˌtwenti ˈeɪtθ]	двадцать восьмой	Порядковые числительные	От 20 до 29
735	twenty-ninth	[ˌtwenti ˈnaɪnθ]	двадцать девятый	Порядковые числительные	От 20 до 29
736	thirtieth	[ˈθɜːtiəθ]	тридцатый	Порядковые числительные	Десятки, сотни, тысячи, миллионы
737	fortieth	[ˈfɔːtiəθ]	сороковой	Порядковые числительные	Десятки, сотни, тысячи, миллионы
738	fiftieth	[ˈfɪftiəθ]	пятидесятый	Порядковые числительные	Десятки, сотни, тысячи, миллионы
739	sixtieth	[ˈsɪkstiəθ]	шестидесятый	Порядковые числительные	Десятки, сотни, тысячи, миллионы
740	seventieth	[ˈsevntiəθ]	семидесятый	Порядковые числительные	Десятки, сотни, тысячи, миллионы
741	eightieth	[ˈeɪtiəθ]	восьмидесятый	Порядковые числительные	Десятки, сотни, тысячи, миллионы
742	ninetieth	[ˈnaɪntiəθ]	девяностый	Порядковые числительные	Десятки, сотни, тысячи, миллионы
743	hundredth	[ˈhʌndrədθ]	сотый	Порядковые числительные	Десятки, сотни, тысячи, миллионы
744	thousandth	[ˈθaʊznθ]	тысячный	Порядковые числительные	Десятки, сотни, тысячи, миллионы
745	millionth	[ˈmɪljənθ]	миллионный	Порядковые числительные	Десятки, сотни, тысячи, миллионы
746	billionth	[ˈbɪljənθ]	миллиардный	Порядковые числительные	Десятки, сотни, тысячи, миллионы
747	air	[eə(r)]	воздух	Погода	
748	blizzard	[ˈblɪzəd]	метель	Погода	
749	chilly	[ˈtʃɪli]	прохладный	Погода	
750	clear	[klɪə(r)]	чистый	Погода	
751	cloud	[klaʊd]	облако	Погода	
752	cloudy	[ˈklaʊdi]	облачный	Погода	
753	cold	[kəʊld]	холод, холодный	Погода	
754	fog	[fɒɡ]	туман	Погода	
755	foggy	[ˈfɒɡi]	туманный	Погода	
756	frosty	[ˈfrɒsti]	морозный	Погода	
757	hot	[hɒt]	жаркий	Погода	
758	ice	[aɪs]	лед	Погода	
759	icy	[ˈaɪsi]	ледяной	Погода	
760	lightning	[ˈlaɪtnɪŋ]	молния	Погода	
761	moon	[muːn]	луна	Погода	
762	mud	[mʌd]	грязь	Погода	
763	puddle	[ˈpʌdl]	лужа	Погода	
764	rain	[reɪn]	дождь	Погода	
765	rainbow	[ˈreɪnbəʊ]	радуга	Погода	
766	rainy	[ˈreɪni]	дождливый	Погода	
767	sky	[skaɪ]	небо	Погода	
768	snow	[snəʊ]	снег	Погода	
769	snowfall	[ˈsnəʊfɔːl]	снегопад	Погода	
770	snowflake	[ˈsnəʊfleɪk]	снежинка	Погода	
771	snowy	[ˈsnəʊi]	снежный	Погода	
772	star	[stɑː(r)]	звезда	Погода	
773	starry	[ˈstɑːri]	звездный	Погода	
774	sun	[sʌn]	солнце	Погода	
775	sunlight	[ˈsʌnlaɪt]	солнечный свет	Погода	
776	sunny	[ˈsʌni]	солнечный	Погода	
777	sunrise	[ˈsʌnraɪz]	рассвет	Погода	
778	sunset	[ˈsʌnset]	закат	Погода	
779	thunder	[ˈθʌndə(r)]	гром	Погода	
780	thunderstorm	[ˈθʌndəstɔːm]	гроза	Погода	
781	weather	[ˈweðə(r)]	погода	Погода	
782	wind	[wɪnd]	ветер	Погода	
783	windy	[ˈwɪndi]	ветреный	Погода	
784	to beat	[biːt]	стучать	Погода	глаголы
785	to blow	[bləʊ]	дуть	Погода	глаголы
786	to cover up	[ˈkʌvə ˌʌp]	покрывать	Погода	глаголы
787	to darken	[ˈdɑːkən]	темнеть	Погода	глаголы
788	to drip	[drɪp]	капать	Погода	глаголы
789	to fall	[fɔːl]	падать	Погода	глаголы
790	to lighten	[ˈlaɪtn]	светлеть	Погода	глаголы
791	to melt	[melt]	таять	Погода	глаголы
792	cave	[keɪv]	пещера	Пейзаж	
793	cliff	[klɪf]	скала	Пейзаж	
794	desert	[ˈdezət]	пустыня	Пейзаж	
795	dust	[dʌst]	пыль	Пейзаж	
796	field	[fiːld]	поле	Пейзаж	
797	forest	[ˈfɒrɪst]	лес	Пейзаж	
798	ground	[ɡraʊnd]	земля	Пейзаж	
799	hill	[hɪl]	холм	Пейзаж	
800	island	[ˈaɪlənd]	остров	Пейзаж	
801	jungle	[ˈdʒʌŋɡl]	джунгли	Пейзаж	
802	lake	[leɪk]	озеро	Пейзаж	
803	mountain	[ˈmaʊntən]	гора	Пейзаж	
804	nature	[ˈneɪtʃə(r)]	природа	Пейзаж	
805	ocean	[ˈəʊʃn]	океан	Пейзаж	
806	pond	[pɒnd]	пруд	Пейзаж	
807	river	[ˈrɪvə(r)]	река	Пейзаж	
808	sand	[sænd]	песок	Пейзаж	
809	sea	[siː]	море	Пейзаж	
810	stone	[stəʊn]	камень	Пейзаж	
811	stream	[striːm]	ручей	Пейзаж	
812	swamp	[swɒmp]	болото	Пейзаж	
813	wave	[weɪv]	волна	Пейзаж	
814	animal	[ˈænɪml]	животное	Животные	
815	beak	[biːk]	клюв	Животные	
816	claw	[klɔː]	коготь	Животные	
817	feather	[ˈfeðə(r)]	перо	Животные	
818	fur	[fɜː(r)]	шерсть	Животные	
819	bull	[bʊl]	бык	Животные	Домашние животные
820	cat	[kæt]	кошка	Животные	Домашние животные
821	chicken	[ˈtʃɪkɪn]	курица	Животные	Домашние животные
822	cow	[kaʊ]	корова	Животные	Домашние животные
823	dog	[dɒɡ]	собака	Животные	Домашние животные
824	donkey	[ˈdɒŋki]	осел	Животные	Домашние животные
825	goat	[ɡəʊt]	коза	Животные	Домашние животные
826	goose	[ɡuːs]	гусь	Животные	Домашние животные
827	guinea pig	[ˈɡɪni pɪɡ]	морская свинка	Животные	Домашние животные
828	hamster	[ˈhæmstə(r)]	хомяк	Животные	Домашние животные
829	horse	[hɔːs]	лошадь	Животные	Домашние животные
830	kitten	[ˈkɪtn]	котенок	Животные	Домашние животные
831	mouse	[maʊs]	мышь	Животные	Домашние животные
832	parrot	[ˈpærət]	попугай	Животные	Домашние животные
833	pet	[pet]	питомец	Животные	Домашние животные
834	pig	[pɪɡ]	свинья	Животные	Домашние животные
835	puppy	[ˈpʌpi]	щенок	Животные	Домашние животные
836	rabbit	[ˈræbɪt]	кролик	Животные	Домашние животные
837	rat	[ræt]	крыса	Животные	Домашние животные
838	sheep	[ʃiːp]	овца	Животные	Домашние животные
839	bear	[beə(r)]	медведь	Животные	Дикие животные
840	camel	[ˈkæml]	верблюд	Животные	Дикие животные
841	crocodile	[ˈkrɒkədaɪl]	крокодил	Животные	Дикие животные
842	deer	[dɪə(r)]	олень	Животные	Дикие животные
843	elephant	[ˈelɪfənt]	слон	Животные	Дикие животные
844	fox	[fɒks]	лиса	Животные	Дикие животные
845	giraffe	[dʒəˈrɑːf]	жираф	Животные	Дикие животные
846	hippo	[ˈhɪpəʊ]	бегемот	Животные	Дикие животные
847	kangaroo	[ˌkæŋɡəˈruː]	кенгуру	Животные	Дикие животные
848	lion	[ˈlaɪən]	лев	Животные	Дикие животные
849	monkey	[ˈmʌŋki]	обезьяна	Животные	Дикие животные
850	panda	[ˈpændə]	панда	Животные	Дикие животные
851	rhino	[ˈraɪnəʊ]	носорог	Животные	Дикие животные
852	snake	[sneɪk]	змея	Животные	Дикие животные
853	tiger	[ˈtaɪɡə(r)]	тигр	Животные	Дикие животные
854	wild	[waɪld]	дикий	Животные	Дикие животные
855	wolf	[wʊlf]	волк	Животные	Дикие животные
856	bee	[biː]	пчела	Животные	Насекомые
857	bug	[bʌɡ]	жук	Животные	Насекомые
858	butterfly	[ˈbʌtəflaɪ]	бабочка	Животные	Насекомые
859	fly	[flaɪ]	муха	Животные	Насекомые
860	insect	[ˈɪnsekt]	насекомое	Животные	Насекомые
861	spider	[ˈspaɪdə(r)]	паук	Животные	Насекомые
862	bird	[bɜːd]	птица	Животные	Птицы
863	duck	[dʌk]	утка	Животные	Птицы
864	eagle	[ˈiːɡl]	орел	Животные	Птицы
865	owl	[aʊl]	сова	Животные	Птицы
866	penguin	[ˈpeŋɡwɪn]	пингвин	Животные	Птицы
867	pigeon	[ˈpɪdʒɪn]	голубь	Животные	Птицы
868	raven	[ˈreɪvn]	ворон	Животные	Птицы
869	sparrow	[ˈspærəʊ]	воробей	Животные	Птицы
870	swan	[swɒn]	лебедь	Животные	Птицы
871	to bark	[bɑːk]	лаять	Животные	глаголы
872	to bite	[baɪt]	кусать	Животные	глаголы
873	to catch	[kætʃ]	ловить	Животные	глаголы
874	to feed	[fiːd]	кормить	Животные	глаголы
875	to fly	[flaɪ]	летать	Животные	глаголы
876	to hiss	[hɪs]	шипеть	Животные	глаголы
877	to pet	[pet]	гладить	Животные	глаголы
878	to purr	[pɜː(r)]	мурлыкать	Животные	глаголы
879	to scream	[skriːm]	кричать	Животные	глаголы
880	bush	[bʊʃ]	куст	Растения	
881	cactus	[ˈkæktəs]	кактус	Растения	
882	flower	[ˈflaʊə(r)]	цветок	Растения	
883	grass	[ɡrɑːs]	трава	Растения	
884	leaf	[liːf]	лист	Растения	
885	lily	[ˈlɪli]	лилия	Растения	
886	oak	[əʊk]	дуб	Растения	
887	pine	[paɪn]	сосна	Растения	
888	root	[ruːt]	корень	Растения	
889	rose	[rəʊz]	роза	Растения	
890	tree	[triː]	дерево	Растения	
891	to bloom	[bluːm]	цвести	Растения	глаголы
892	to fruit	[fruːt]	плодоносить	Растения	глаголы
893	to grow	[ɡrəʊ]	расти	Растения	глаголы
894	to plant	[plɑːnt]	сажать	Растения	глаголы
895	to water	[ˈwɔːtə(r)]	поливать	Растения	глаголы
896	Christmas	[ˈkrɪsməs]	Рождество	События	Праздники
897	coloured lights	[ˈkʌləd ˌlaɪts]	цветные фонарики (гирлянды)	События	Праздники
898	decorations	[ˌdekəˈreɪʃnz]	украшения	События	Праздники
899	guest	[ɡest]	гость	События	Праздники
900	holiday	[ˈhɒlədeɪ]	праздник	События	Праздники
901	New Year	[ˌnjuː ˈjɪə(r)]	Новый год	События	Праздники
902	New Year’s tree	[ˌnjuː jɪəz ˈtriː]	новогодняя елка	События	Праздники
903	present	[ˈpreznt]	подарок	События	Праздники
904	snowman	[ˈsnəʊmæn]	снеговик	События	Праздники
905	treat	[triːt]	угощение	События	Праздники
906	balloon	[bəˈluːn]	воздушный шар	События	День рождения
907	birthday	[ˈbɜːθdeɪ]	день рождения	События	День рождения
908	cake	[keɪk]	торт	События	День рождения
909	candle	[ˈkændl]	свеча	События	День рождения
910	party	[ˈpɑːti]	вечеринка	События	День рождения
911	wish	[wɪʃ]	желание	События	День рождения
912	to be born	[biː bɔːn]	родиться	События	глаголы
913	to celebrate	[ˈselɪbreɪt]	праздновать	События	глаголы
914	to congratulate	[kənˈɡrætʃəleɪt]	поздравлять	События	глаголы
915	to enjoy	[ɪnˈdʒɔɪ]	наслаждаться	События	глаголы
916	to get older	[ɡet ˈəʊldə(r)]	становиться старше	События	глаголы
917	to have fun	[hæv fʌn]	развлекаться	События	глаголы
918	to invite	[ɪnˈvaɪt]	пригласить	События	глаголы
919	to like	[laɪk]	нравиться	События	глаголы
920	to make a wish	[meɪk ə wɪʃ]	загадать желание	События	глаголы
921	to prepare	[prɪˈpeə(r]	готовиться	События	глаголы
922	to visit	[ˈvɪzɪt]	навещать	События	глаголы
923	bakery	[ˈbeɪkəri]	булочная, пекарня	Места	
924	bank	[bæŋk]	банк	Места	
925	bench	[bentʃ]	скамья	Места	
926	bookshop	[ˈbʊkʃɒp]	книжный магазин	Места	
927	bridge	[brɪdʒ]	мост	Места	
928	building	[ˈbɪldɪŋ]	здание	Места	
929	cafe	[ˈkæfeɪ]	кафе	Места	
930	car park	[ˈkɑː pɑːk]	парковка	Места	
931	cathedral	[kəˈθiːdrəl]	собор	Места	
932	cheap	[tʃiːp]	дешевый	Места	
933	church	[tʃɜːtʃ]	церковь	Места	
934	coin	[kɔɪn]	монета	Места	
935	corner	[ˈkɔːnə(r)]	угол	Места	
936	crossroads	[ˈkrɒsrəʊdz]	перекресток	Места	
937	customer	[ˈkʌstəmə(r)]	покупатель	Места	
938	dead end	[ˌded ˈend]	тупик	Места	
939	expensive	[ɪkˈspensɪv]	дорогой	Места	
940	fountain	[ˈfaʊntən]	фонтан	Места	
941	hospital	[ˈhɒspɪtl]	больница	Места	
942	left	[left]	налево	Места	
943	library	[ˈlaɪbrəri]	библиотека	Места	
944	lift	[lɪft]	лифт	Места	
945	mall	[mɔːl]	торговый центр	Места	
946	market	[ˈmɑːkɪt]	рынок	Места	
947	monument	[ˈmɒnjumənt]	памятник	Места	
948	museum	[mjuˈziːəm]	музей	Места	
949	nightclub	[ˈnaɪtklʌb]	ночной клуб	Места	
950	park	[pɑːk]	парк	Места	
951	price	[praɪs]	цена	
952	public transport	[ˌpʌblɪk ˈtrænspɔːt]	общественный транспорт	Места	
953	receipt	[rɪˈsiːt]	чек	Места	
954	restaurant	[ˈrestrɒnt]	ресторан	Места	
955	right	[raɪt]	направо	Места	
956	road	[rəʊd]	дорога	Места	
957	sale	[seɪl]	распродажа	Места	
958	school	[skuːl]	школа	Места	
959	shop	[ʃɒp]	магазин	Места	
960	square	[skweə(r)]	площадь	Места	
961	stadium	[ˈsteɪdiəm]	стадион	Места	
962	station	[ˈsteɪʃn]	станция	Места	
963	stop	[stɒp]	остановка	Места	
964	street	[striːt]	улица	Места	
965	subway	[ˈsʌbweɪ]	подземный переход, метро	Места	
966	supermarket	[ˈsuːpəmɑːkɪt]	супермаркет	Места	
967	university	[ˌjuːnɪˈvɜːsəti]	университет	Места	
968	view	[vjuː]	вид	Места	
969	way	[weɪ]	путь	Места	
970	zoo	[zuː]	зоопарк	Места	
971	to cost	[kɒst]	стоить	Места	глаголы
972	to cross	[krɒs]	пересекать, переходить	Места	глаголы
973	to find	[faɪnd]	находить	Места	глаголы
974	to go	[ɡəʊ]	идти	Места	глаголы
975	to go sightseeing	[ˌɡəʊ ˈsaɪtsiːɪŋ]	осматривать достопримечательности	Места	глаголы
976	to pay	[peɪ]	платить	Места	глаголы
977	to sell	[sel]	продавать	Места	глаголы
978	to stop	[stɒp]	остановиться	Места	глаголы
979	and	[ænd]	и		Союзы
980	as	[æz]	как		Союзы
981	because	[bɪˈkəz]	потому что		Союзы
982	but	[bʌt]	но		Союзы
983	if	[ɪf]	если		Союзы
984	how	[haʊ]	как		Союзы
985	or	[ɔː(r)]	или		Союзы
986	than	[ðæn]	чем		Союзы
987	that	[ðæt]	который		Союзы
988	what	[wɒt]	что		Союзы
989	when	[wen]	когда		Союзы
990	where	[weə(r)]	где		Союзы
991	which	[wɪtʃ]	который		Союзы
992	who	[huː]	кто		Союзы
993	whom	[huːm]	кому		Союзы
994	whose	[huːz]	чей		Союзы
995	yet	[jet]	однако		Союзы
996	above	[əˈbʌv]	над		Предлоги места
997	at	[æt]	у, в, на		Предлоги места
998	behind	[bɪˈhaɪnd]	за		Предлоги места
999	below	[bɪˈləʊ]	ниже		Предлоги места
1000	between	[bɪˈtwiːn]	между		Предлоги места
1001	by	[baɪ]	у		Предлоги места
1002	in	[ɪn]	в		Предлоги места
1003	on	[ɒn]	на		Предлоги места
1004	under	[ˈʌndə(r)]	под		Предлоги места
1005	after	[ˈɑːftə(r)]	после		Предлоги времени
1006	at	[æt]	в		Предлоги времени
1007	before	[bɪˈfɔː(r)]	до		Предлоги времени
1008	by	[baɪ]	к		Предлоги времени
1009	during	[ˈdjʊərɪŋ]	во время		Предлоги времени
1010	in	[ɪn]	в, через		Предлоги времени
1011	on	[ɒn]	в		Предлоги времени
1012	since	[sɪns]	с тех пор, как		Предлоги времени
1013	until	[ənˈtɪl]	пока		Предлоги времени
1014	because of	[bɪˈkɒz əv]	из-за		Предлоги причины
1015	for	[fɔː(r)]	для, за, из-за		Предлоги причины
1016	from	[frɒm]	от		Предлоги причины
1017	of	[ɒv]	из-за, от, по		Предлоги причины
1018	thanks to	[θæŋks tuː]	благодаря		Предлоги причины
1019	through	[θruː]	благодаря, из-за		Предлоги причины
1020	across	[əˈkrɒs]	через		Предлоги направления
1021	along	[əˈlɒŋ]	вдоль		Предлоги направления
1022	from	[frɒm]	от		Предлоги направления
1023	into	[ˈɪntuː]	в		Предлоги направления
1024	out	[aʊt]	из		Предлоги направления
1025	to	[tuː]	к, в, на 		Предлоги направления
